outcome,specification,era_coef,era_se,era_pval,n
va_change,unadjusted,0.9055717545309461,0.7366506765046531,0.2189557462183177,3851
va_change,baseline_covariates,0.01823455804433166,0.7461374283636928,0.9805027550079373,3851
va_change,baseline_plus_intensity,-1.20170738863149,0.7378641229333637,0.10339144349968983,3851
event_va70,unadjusted,-0.13758487196129546,0.024232252225259942,1.3647133423582022e-08,2932
event_va70,baseline_covariates,-0.10917227505312832,0.023091147724416138,2.268713798077542e-06,2932
event_va70,baseline_plus_intensity,-0.07347310845740607,0.022213812797526475,0.0009411875396242943,2932
event_va35,unadjusted,-0.08485332450391299,0.01901482228790591,8.10152922011498e-06,3101
event_va35,baseline_covariates,-0.03811788878175782,0.018657994588230194,0.041054529433975306,3101
event_va35,baseline_plus_intensity,0.0023856225188341983,0.017636824217744384,0.892403365688556,3101
